{
	"6": [0.17543, [7,10]],
	"7": [0.19746, [6,12]],
	"10": [0.16353, [6,38]],
	"12": [0.16634001, [7,38,40]],
	"38": [0.14822, [10,12]],
	"40": [0.3776, [12,45]],
	"45": [0.16493, [40,48]],
	"48": [0.22402, [45]],
	"54": [0.17267999, [83]],
	"65": [0.1822, [83]]
}