{
	"6": [0.17543, [7]],
	"7": [0.19746, [6]],
	"10": [0.16353, [83]],
	"12": [0.16634001, [83]],
	"16": [0.17283, [83]],
	"19": [0.20029, [83]],
	"20": [0.20826001, [83]],
	"22": [0.25913, [83]],
	"24": [0.31397, [83]],
	"25": [0.25181, [83]],
	"27": [0.17575, [83]],
    "31": [0.23087999, [83]]
}