{
	"2": [0.90283, []],
	"13": [0.84658, []],
	"25": [0.94555, [30]],
	"30": [0.96158, [25, 31]],
	"31": [0.88524, [30, 34, 40]],
	"34": [0.7648, [31, 40]],
	"40": [0.88381, [31, 34]],
	"45": [0.77337, []]
}