{
	"9": [0.97774, []],
	"13": [0.87838, [20]],
	"20": [0.98472, [13]],
	"29": [0.95438, []],
	"31": [0.83882, [36]],
	"36": [0.78401, [31]],
	"43": [0.78015, []],
	"56": [0.78605, []],
	"69": [0.91148, []],
	"72": [0.83105, []],
	"84": [0.79174, []],
	"99": [0.88672, []]
}