{
	"0": [0.77656, [1, 2, 3, 4, 5, 6, 7, 8, 9, 10]],
	"1": [0.93706, [0, 2, 3, 4, 5, 6, 7, 8, 9, 10]],
	"2": [0.76209, [0, 1, 3, 4, 5, 6, 7, 8, 9, 10]],
	"3": [0.7435, [0, 1, 2, 4, 5, 6, 7, 8, 9, 10]],
	"4": [0.56952, [0, 1, 2, 3, 5, 6, 7, 8, 9, 10]],
	"5": [0.52056, [0, 1, 2, 3, 4, 6, 7, 8, 9, 10]],
	"6": [0.57761, [0, 1, 2, 3, 4, 5, 7, 8, 9, 10]],
	"7": [0.65252, [0, 1, 2, 3, 4, 5, 6, 8, 9, 10]],
	"8": [0.37548, [0, 1, 2, 3, 4, 5, 6, 7, 9, 10]],
	"9": [0.97774, [0, 1, 2, 3, 4, 5, 6, 7, 8, 10]],
	"10": [0.04888, [0, 1, 2, 3, 4, 5, 6, 7, 8, 9, 11]],
	"11": [0.62428, [10, 12, 13, 14, 15, 16, 17, 18, 19, 20]],
	"12": [0.55579, [11, 13, 14, 15, 16, 17, 18, 19, 20]],
	"13": [0.87838, [11, 12, 14, 15, 16, 17, 18, 19, 20]],
	"14": [0.44107, [11, 12, 13, 15, 16, 17, 18, 19, 20]],
	"15": [0.36935, [11, 12, 13, 14, 16, 17, 18, 19, 20]],
	"16": [0.12345, [11, 12, 13, 14, 15, 17, 18, 19, 20]],
	"17": [0.43529, [11, 12, 13, 14, 15, 16, 18, 19, 20]],
	"18": [0.47989, [11, 12, 13, 14, 15, 16, 17, 19, 20]],
	"19": [0.43378, [11, 12, 13, 14, 15, 16, 17, 18, 20]],
	"20": [0.98472, [11, 12, 13, 14, 15, 16, 17, 18, 19, 21]],
	"21": [0.57239, [20, 22, 23, 24, 25, 26, 27, 28, 29, 30]],
	"22": [0.51801, [21, 23, 24, 25, 26, 27, 28, 29, 30]],
	"23": [0.34361, [21, 22, 24, 25, 26, 27, 28, 29, 30]],
	"24": [0.0566, [21, 22, 23, 25, 26, 27, 28, 29, 30]],
	"25": [0.76699, [21, 22, 23, 24, 26, 27, 28, 29, 30]],
	"26": [0.54459, [21, 22, 23, 24, 25, 27, 28, 29, 30]],
	"27": [0.69111, [21, 22, 23, 24, 25, 26, 28, 29, 30]],
	"28": [0.86905, [21, 22, 23, 24, 25, 26, 27, 29, 30]],
	"29": [0.95438, [21, 22, 23, 24, 25, 26, 27, 28, 30]],
	"30": [0.21611, [21, 22, 23, 24, 25, 26, 27, 28, 29, 31]],
	"31": [0.83882, [30, 32, 33, 34, 35, 36, 37, 38, 39, 40]],
	"32": [0.26056, [31, 33, 34, 35, 36, 37, 38, 39, 40]],
	"33": [0.67251, [31, 32, 34, 35, 36, 37, 38, 39, 40]],
	"34": [0.26299, [31, 32, 33, 35, 36, 37, 38, 39, 40]],
	"35": [0.68908, [31, 32, 33, 34, 36, 37, 38, 39, 40]],
	"36": [0.78401, [31, 32, 33, 34, 35, 37, 38, 39, 40]],
	"37": [0.51894, [31, 32, 33, 34, 35, 36, 38, 39, 40]],
	"38": [0.35776, [31, 32, 33, 34, 35, 36, 37, 39, 40]],
	"39": [0.66653, [31, 32, 33, 34, 35, 36, 37, 38, 40]],
	"40": [0.61084, [31, 32, 33, 34, 35, 36, 37, 38, 39, 41]],
	"41": [0.63589, [40, 42, 43, 44, 45, 46, 47, 48, 49, 50]],
	"42": [0.04196, [41, 43, 44, 45, 46, 47, 48, 49, 50]],
	"43": [0.78015, [41, 42, 44, 45, 46, 47, 48, 49, 50]],
	"44": [0.17593, [41, 42, 43, 45, 46, 47, 48, 49, 50]],
	"45": [0.69932, [41, 42, 43, 44, 46, 47, 48, 49, 50]],
	"46": [0.57311, [41, 42, 43, 44, 45, 47, 48, 49, 50]],
	"47": [0.62048, [41, 42, 43, 44, 45, 46, 48, 49, 50]],
	"48": [0.16026, [41, 42, 43, 44, 45, 46, 47, 49, 50]],
	"49": [0.73477, [41, 42, 43, 44, 45, 46, 47, 48, 50]],
	"50": [0.13372, [41, 42, 43, 44, 45, 46, 47, 48, 49, 51]],
	"51": [0.37342, [50, 52, 53, 54, 55, 56, 57, 58, 59, 60]],
	"52": [0.6158, [51, 53, 54, 55, 56, 57, 58, 59, 60]],
	"53": [0.76921, [51, 52, 54, 55, 56, 57, 58, 59, 60]],
	"54": [0.17374, [51, 52, 53, 55, 56, 57, 58, 59, 60]],
	"55": [0.17191, [51, 52, 53, 54, 56, 57, 58, 59, 60]],
	"56": [0.78605, [51, 52, 53, 54, 55, 57, 58, 59, 60]],
	"57": [0.38572, [51, 52, 53, 54, 55, 56, 58, 59, 60]],
	"58": [0.14785, [51, 52, 53, 54, 55, 56, 57, 59, 60]],
	"59": [0.33675, [51, 52, 53, 54, 55, 56, 57, 58, 60]],
	"60": [0.07818, [51, 52, 53, 54, 55, 56, 57, 58, 59, 61]],
	"61": [0.59846, [60, 62, 63, 64, 65, 66, 67, 68, 69, 70]],
	"62": [0.26562, [61, 63, 64, 65, 66, 67, 68, 69, 70]],
	"63": [0.04153, [61, 62, 64, 65, 66, 67, 68, 69, 70]],
	"64": [0.6997, [61, 62, 63, 65, 66, 67, 68, 69, 70]],
	"65": [0.24038, [61, 62, 63, 64, 66, 67, 68, 69, 70]],
	"66": [0.66479, [61, 62, 63, 64, 65, 67, 68, 69, 70]],
	"67": [0.09797, [61, 62, 63, 64, 65, 66, 68, 69, 70]],
	"68": [0.02411, [61, 62, 63, 64, 65, 66, 67, 69, 70]],
	"69": [0.91148, [61, 62, 63, 64, 65, 66, 67, 68, 70]],
	"70": [0.51165, [61, 62, 63, 64, 65, 66, 67, 68, 69, 71]],
	"71": [0.82297, [70, 72, 73, 74, 75, 76, 77, 78, 79, 80]],
	"72": [0.83105, [71, 73, 74, 75, 76, 77, 78, 79, 80]],
	"73": [0.64799, [71, 72, 74, 75, 76, 77, 78, 79, 80]],
	"74": [0.46391, [71, 72, 73, 75, 76, 77, 78, 79, 80]],
	"75": [0.81397, [71, 72, 73, 74, 76, 77, 78, 79, 80]],
	"76": [0.64907, [71, 72, 73, 74, 75, 77, 78, 79, 80]],
	"77": [0.09494, [71, 72, 73, 74, 75, 76, 78, 79, 80]],
	"78": [0.63667, [71, 72, 73, 74, 75, 76, 77, 79, 80]],
	"79": [0.27209, [71, 72, 73, 74, 75, 76, 77, 78, 80]],
	"80": [0.5403, [71, 72, 73, 74, 75, 76, 77, 78, 79, 81]],
	"81": [0.50053, [80, 82, 83, 84, 85, 86, 87, 88, 89, 90]],
	"82": [0.2986, [81, 83, 84, 85, 86, 87, 88, 89, 90]],
	"83": [0.73592, [81, 82, 84, 85, 86, 87, 88, 89, 90]],
	"84": [0.79174, [81, 82, 83, 85, 86, 87, 88, 89, 90]],
	"85": [0.421, [81, 82, 83, 84, 86, 87, 88, 89, 90]],
	"86": [0.61501, [81, 82, 83, 84, 85, 87, 88, 89, 90]],
	"87": [0.1725, [81, 82, 83, 84, 85, 86, 88, 89, 90]],
	"88": [0.60977, [81, 82, 83, 84, 85, 86, 87, 89, 90]],
	"89": [0.00482, [81, 82, 83, 84, 85, 86, 87, 88, 90]],
	"90": [0.13768, [81, 82, 83, 84, 85, 86, 87, 88, 89, 91]],
	"91": [0.39911, [90, 92, 93, 94, 95, 96, 97, 98, 99, 100]],
	"92": [0.46742, [91, 93, 94, 95, 96, 97, 98, 99, 100]],
	"93": [0.11466, [91, 92, 94, 95, 96, 97, 98, 99, 100]],
	"94": [0.5107, [91, 92, 93, 95, 96, 97, 98, 99, 100]],
	"95": [0.74214, [91, 92, 93, 94, 96, 97, 98, 99, 100]],
	"96": [0.07996, [91, 92, 93, 94, 95, 97, 98, 99, 100]],
	"97": [0.07037, [91, 92, 93, 94, 95, 96, 98, 99, 100]],
	"98": [0.73788, [91, 92, 93, 94, 95, 96, 97, 99, 100]],
	"99": [0.88672, [91, 92, 93, 94, 95, 96, 97, 98, 100]],
	"100": [0.57278, [91, 92, 93, 94, 95, 96, 97, 98, 99]]
}