{
	"0": [0.80125, [1, 2, 3, 4, 5, 6, 7, 8, 9, 10]],
	"1": [0.05595, [0, 2, 3, 4, 5, 6, 7, 8, 9, 10]],
	"2": [0.90283, [0, 1, 3, 4, 5, 6, 7, 8, 9, 10]],
	"3": [0.04849, [0, 1, 2, 4, 5, 6, 7, 8, 9, 10]],
	"4": [0.34049, [0, 1, 2, 3, 5, 6, 7, 8, 9, 10]],
	"5": [0.67679, [0, 1, 2, 3, 4, 6, 7, 8, 9, 10]],
	"6": [0.29966, [0, 1, 2, 3, 4, 5, 7, 8, 9, 10]],
	"7": [0.10502, [0, 1, 2, 3, 4, 5, 6, 8, 9, 10]],
	"8": [0.44365, [0, 1, 2, 3, 4, 5, 6, 7, 9, 10]],
	"9": [0.88519, [0, 1, 2, 3, 4, 5, 6, 7, 8, 10]],
	"10": [0.80196, [0, 1, 2, 3, 4, 5, 6, 7, 8, 9, 11]],
	"11": [0.15415, [10, 12, 13, 14, 15, 16, 17, 18, 19, 20]],
	"12": [0.64413, [11, 13, 14, 15, 16, 17, 18, 19, 20]],
	"13": [0.84658, [11, 12, 14, 15, 16, 17, 18, 19, 20]],
	"14": [0.14417, [11, 12, 13, 15, 16, 17, 18, 19, 20]],
	"15": [0.40467, [11, 12, 13, 14, 16, 17, 18, 19, 20]],
	"16": [0.63854, [11, 12, 13, 14, 15, 17, 18, 19, 20]],
	"17": [0.56453, [11, 12, 13, 14, 15, 16, 18, 19, 20]],
	"18": [0.27876, [11, 12, 13, 14, 15, 16, 17, 19, 20]],
	"19": [0.12302, [11, 12, 13, 14, 15, 16, 17, 18, 20]],
	"20": [0.36835, [11, 12, 13, 14, 15, 16, 17, 18, 19, 21]],
	"21": [0.22565, [20, 22, 23, 24, 25, 26, 27, 28, 29, 30]],
	"22": [0.54401, [21, 23, 24, 25, 26, 27, 28, 29, 30]],
	"23": [0.61458, [21, 22, 24, 25, 26, 27, 28, 29, 30]],
	"24": [0.40372, [21, 22, 23, 25, 26, 27, 28, 29, 30]],
	"25": [0.94555, [21, 22, 23, 24, 26, 27, 28, 29, 30]],
	"26": [0.09862, [21, 22, 23, 24, 25, 27, 28, 29, 30]],
	"27": [0.67224, [21, 22, 23, 24, 25, 26, 28, 29, 30]],
	"28": [0.2511, [21, 22, 23, 24, 25, 26, 27, 29, 30]],
	"29": [0.15257, [21, 22, 23, 24, 25, 26, 27, 28, 30]],
	"30": [0.96158, [21, 22, 23, 24, 25, 26, 27, 28, 29, 31]],
	"31": [0.88524, [30, 32, 33, 34, 35, 36, 37, 38, 39, 40]],
	"32": [0.53449, [31, 33, 34, 35, 36, 37, 38, 39, 40]],
	"33": [0.42474, [31, 32, 34, 35, 36, 37, 38, 39, 40]],
	"34": [0.7648, [31, 32, 33, 35, 36, 37, 38, 39, 40]],
	"35": [0.70824, [31, 32, 33, 34, 36, 37, 38, 39, 40]],
	"36": [0.76164, [31, 32, 33, 34, 35, 37, 38, 39, 40]],
	"37": [0.56353, [31, 32, 33, 34, 35, 36, 38, 39, 40]],
	"38": [0.74184, [31, 32, 33, 34, 35, 36, 37, 39, 40]],
	"39": [0.67127, [31, 32, 33, 34, 35, 36, 37, 38, 40]],
	"40": [0.88381, [31, 32, 33, 34, 35, 36, 37, 38, 39, 41]],
	"41": [0.05257, [40, 42, 43, 44, 45, 46, 47, 48, 49, 50]],
	"42": [0.76359, [41, 43, 44, 45, 46, 47, 48, 49, 50]],
	"43": [0.55784, [41, 42, 44, 45, 46, 47, 48, 49, 50]],
	"44": [0.20556, [41, 42, 43, 45, 46, 47, 48, 49, 50]],
	"45": [0.77337, [41, 42, 43, 44, 46, 47, 48, 49, 50]],
	"46": [0.44919, [41, 42, 43, 44, 45, 47, 48, 49, 50]],
	"47": [0.50914, [41, 42, 43, 44, 45, 46, 48, 49, 50]],
	"48": [0.1437, [41, 42, 43, 44, 45, 46, 47, 49, 50]],
	"49": [0.37159, [41, 42, 43, 44, 45, 46, 47, 48, 50]],
	"50": [0.1064, [41, 42, 43, 44, 45, 46, 47, 48, 49]]
}