{
	"6": [0.17543, [7]],
	"7": [0.19746, [6]],
	"10": [0.16353, [38]],
	"12": [0.16634001, [10]],
	"38": [0.14822, [12]],
	"40": [0.3776, [41]],
	"45": [0.16493, [38]],
	"48": [0.22402, [83]],
	"54": [0.17267999, [83]],
	"65": [0.1822, [83]]
}